Workbook

Sheet 花名册
A1: 员工姓名 | B1: 员工编号 | C1: 员工姓名 | D1: 部门 | E1: 性别 | F1: 考勤班次 | G1: 岗位 | H1: 班组 | I1: 入职日期 | J1: 离职时间 | K1: 移动电话 | L1: 来源于s-HR | M1: HR员工 | N1: 费用归属 | O1: 入住时间
A2: 李信伟 | B2: JG002723 | C2: 李信伟 | F2: 默认 | G2: A班包装工 | H2: 默认 | I2: 2025-05-13 | K2: 15011864749 | L2: 是 | M2: 否
A3: 潘怀星 | B3: JG002722 | C3: 潘怀星 | F3: 默认 | G3: A班包装工 | H3: 默认 | I3: 2025-05-13 | K3: 15977828938 | L3: 是 | M3: 否
A4: 舒新 | B4: JG002706 | C4: 舒新 | F4: 默认 | G4: B班包装工 | H4: 默认 | I4: 2025-05-06 | K4: 13536601096 | L4: 是 | M4: 否
A5: 蔡金星 | B5: JG003233 | C5: 蔡金星 | F5: 默认 | G5: 厨师 | H5: 默认 | I5: 2026-06-25 | L5: 是 | M5: 否 | N5: 管理费用-福利费
A6: 蔡源琪 | B6: JG002615 | C6: 蔡源琪 | F6: 默认 | G6: 证券事务代表 | H6: 默认 | I6: 2025-03-24 | K6: 18824625725 | L6: 是 | M6: 否 | N6: 管理费用
A7: 岑盛大 | B7: JG000170 | C7: 岑盛大 | D7: 人资行政部 | E7: 男 | F7: 默认 | G7: 主厨 | H7: 默认 | I7: 2020-05-18 | K7: 13202645700 | L7: 是 | M7: 否 | N7: 管理费用-福利费 | O7: 43969
A8: 曾红全 | B8: JG000066 | C8: 曾红全 | D8: 人资行政部 | E8: 男 | F8: 默认 | G8: 保安 | H8: 默认 | I8: 2016-04-23 | K8: 18823097450 | L8: 是 | M8: 否 | N8: 管理费用 | O8: 42483
A9: 曾梓毅 | B9: JG000594 | C9: 曾梓毅 | D9: 生产部 | E9: 男 | F9: 默认 | G9: 采购员 | H9: 默认 | I9: 2024-09-03 | K9: 13178538194 | L9: 是 | M9: 否 | N9: 管理费用 | O9: 44578
A10: 陈建成 | B10: JG000053 | C10: 陈建成 | D10: 人资行政部 | E10: 男 | F10: 默认 | G10: 保安 | H10: 默认 | I10: 2015-06-27 | K10: 13726660756 | L10: 是 | M10: 否 | N10: 管理费用 | O10: 42182
A11: 陈伦香 | B11: JG002597 | C11: 陈伦香 | D11: 人资行政部 | E11: 女 | F11: 默认 | G11: 厨工 | H11: 默认 | I11: 2025-03-05 | K11: 13416472193 | L11: 是 | M11: 否 | N11: 管理费用-福利费 | O11: 45731
A12: 陈望海 | B12: JG000059 | C12: 陈望海 | D12: 人资行政部 | E12: 男 | F12: 默认 | G12: 保安 | H12: 默认 | I12: 2016-01-13 | K12: 13415570501 | L12: 是 | M12: 否 | N12: 管理费用 | O12: 42382
A13: 陈苑平 | B13: JG000072 | C13: 陈苑平 | F13: 默认 | G13: 财务经理 | H13: 默认 | I13: 2016-12-27 | K13: 13536600218 | L13: 是 | M13: 否 | N13: 管理费用
A14: 陈泽光 | B14: JG001487 | C14: 陈泽光 | F14: 默认 | G14: 总监 | H14: 默认 | I14: 2023-03-01 | K14: 13590373105 | L14: 是 | M14: 否 | N14: 管理费用
A15: 陈周红 | B15: JG000125 | C15: 陈周红 | F15: 默认 | G15: 后勤杂工 | H15: 默认 | I15: 2018-04-17 | K15: 13703065740 | L15: 是 | M15: 否 | N15: 管理费用
A16: 池燕婷 | B16: JG001538 | C16: 池燕婷 | F16: 默认 | G16: 行政文员 | H16: 默认 | I16: 2023-08-01 | K16: 13612528257 | L16: 是 | M16: 否 | N16: 管理费用
A17: 邓利 | B17: JG000488 | C17: 邓利 | F17: 默认 | G17: 采购专员 | H17: 默认 | I17: 2025-04-01 | K17: 13724929801 | L17: 是 | M17: 否 | N17: 管理费用
A18: 邓艳青 | B18: JG001545 | C18: 邓艳青 | F18: 默认 | G18: 后勤助理 | H18: 默认 | I18: 2018-07-24 | K18: 13640179631 | L18: 是 | M18: 否 | N18: 管理费用
A19: 杜国基 | B19: JG000716 | C19: 杜国基 | F19: 默认 | G19: 中转仓司机 | H19: 默认 | I19: 2022-02-17 | K19: 13450552327 | L19: 是 | M19: 否 | N19: 管理费用
A20: 甘作敬 | B20: JG000020 | C20: 甘作敬 | D20: 人资行政部 | E20: 男 | F20: 默认 | G20: 司机 | H20: 默认 | I20: 2015-01-01 | K20: 13690168890 | L20: 是 | M20: 否 | N20: 管理费用 | O20: 39513
A21: 高妹妃 | B21: JG000019 | C21: 高妹妃 | F21: 默认 | G21: 薪酬绩效主管 | H21: 默认 | I21: 2024-07-01 | K21: 18675135279 | L21: 是 | M21: 否 | N21: 管理费用
A22: 黄超亮 | B22: JG000001 | C22: 黄超亮 | F22: 默认 | G22: 总经理 | H22: 默认 | I22: 2001-11-01 | K22: 13703063007 | L22: 是 | M22: 否 | N22: 管理费用
A23: 黄嘉杰 | B23: JG000055 | C23: 黄嘉杰 | D23: 采购部 | E23: 男 | F23: 默认 | G23: 采购主管 | H23: 默认 | I23: 2016-02-16 | K23: 13450573814 | L23: 是 | M23: 否 | N23: 管理费用 | O23: 42416
A24: 黄林烽 | B24: JG002610 | C24: 黄林烽 | F24: 默认 | H24: 默认 | K24: 18027781202 | L24: 是 | M24: 否 | N24: 管理费用
A25: 黄艳 | B25: JG000006 | C25: 黄艳 | F25: 默认 | G25: 总账会计 | H25: 默认 | I25: 2013-08-06 | K25: 13420829362 | L25: 是 | M25: 否 | N25: 管理费用
A26: 黄莹 | B26: JG003169 | C26: 黄莹 | D26: 人资行政部 | E26: 女 | F26: 默认 | G26: 人事文员 | H26: 默认 | I26: 2026-07-01 | L26: 是 | M26: 否 | N26: 管理费用 | O26: 46154
A27: 黄裕晋 | B27: JG0000978 | C27: 黄裕晋 | D27: 人资行政部 | E27: 男 | F27: 默认 | G27: 安全专员 | H27: 默认 | I27: 2024-10-01 | K27: 13922059143 | L27: 是 | M27: 否 | N27: 管理费用 | O27: 45341
A28: 江淑琴 | B28: JG002693 | C28: 江淑琴 | D28: 人资行政部 | E28: 女 | F28: 默认 | G28: 清洁工 | H28: 默认 | I28: 2025-04-25 | K28: 13620100832 | L28: 是 | M28: 否 | N28: 管理费用-福利费 | O28: 45769
A29: 蓝晓姗 | B29: JG000531 | C29: 蓝晓姗 | F29: 默认 | G29: 采购文员 | H29: 默认 | I29: 2021-12-20 | K29: 15602800785 | L29: 是 | M29: 否 | N29: 管理费用
A30: 李彩霞 | B30: JG000126 | C30: 李彩霞 | F30: 默认 | G30: 后勤主管 | H30: 默认 | I30: 2018-08-21 | K30: 13825523408 | L30: 是 | M30: 否 | N30: 管理费用
A31: 李凤州 | B31: JG002764 | C31: 李凤州 | F31: 默认 | G31: 厨工 | H31: 默认 | I31: 2025-06-19 | K31: 19152615613 | L31: 是 | M31: 否 | N31: 管理费用-福利费
A32: 李嘉炜 | B32: JG002998 | C32: 李嘉炜 | F32: 默认 | G32: 后勤杂工 | H32: 默认 | I32: 2026-01-01 | L32: 是 | M32: 否 | N32: 管理费用
A33: 李少英 | B33: JG000200 | C33: 李少英 | F33: 默认 | G33: 清洁工 | H33: 默认 | I33: 2020-10-19 | K33: 13687415729 | L33: 是 | M33: 否 | N33: 管理费用
A34: 李燕清 | B34: JG000012 | C34: 李燕清 | F34: 默认 | G34: 推广专员 | H34: 默认 | I34: 2015-01-01 | K34: 15015643415 | L34: 是 | M34: 否 | N34: 管理费用
A35: 梁健斌 | B35: JG000101 | C35: 梁健斌 | F35: 默认 | G35: 司机 | H35: 默认 | I35: 2018-06-09 | K35: 13925413261 | L35: 是 | M35: 否 | N35: 管理费用
A36: 梁锦贤 | B36: JG000093 | C36: 梁锦贤 | F36: 默认 | G36: 司机 | H36: 默认 | I36: 2018-01-19 | K36: 18927286787 | L36: 是 | M36: 否 | N36: 管理费用
A37: 梁秋星 | B37: JG001666 | C37: 梁秋星 | D37: 人资行政部 | E37: 女 | F37: 默认 | G37: 厨工 | H37: 默认 | I37: 2024-02-27 | K37: 13653060899 | L37: 是 | M37: 否 | N37: 管理费用-福利费 | O37: 45370
A38: 梁雅芝 | B38: JG000091 | C38: 梁雅芝 | F38: 默认 | G38: 会计 | H38: 默认 | I38: 2017-10-25 | K38: 13927727284 | L38: 是 | M38: 否 | N38: 管理费用
A39: 梁意和 | B39: JG001433 | C39: 梁意和 | F39: 默认 | G39: 厨工 | H39: 默认 | I39: 2023-02-13 | K39: 13539963435 | L39: 是 | M39: 否 | N39: 管理费用-福利费
A40: 林青山 | B40: JG000040 | C40: 林青山 | D40: 人资行政部 | E40: 男 | F40: 默认 | G40: 工会主席 | H40: 默认 | I40: 2019-03-30 | K40: 13535720320 | L40: 是 | M40: 否 | N40: 管理费用 | O40: 38887
A41: 林思翰 | B41: JG002611 | C41: 林思翰 | F41: 默认 | G41: 审计主管 | H41: 默认 | I41: 2025-03-17 | K41: 13229028226 | L41: 是 | M41: 否 | N41: 管理费用
A42: 刘婵婵 | B42: JG002730 | C42: 刘婵婵 | F42: 默认 | G42: 行政文员 | H42: 默认 | I42: 2026-06-01 | K42: 18718723393 | L42: 是 | M42: 否 | N42: 管理费用
A43: 刘巍 | B43: JG003219 | C43: 刘巍 | D43: 人资行政部 | E43: 男 | F43: 默认 | G43: IT经理 | H43: 默认 | I43: 2026-06-22 | L43: 是 | M43: 否 | N43: 管理费用 | O43: 46195
A44: 刘玉华 | B44: JG001016 | C44: 刘玉华 | F44: 默认 | G44: 总账会计 | H44: 默认 | I44: 2022-08-08 | K44: 13798683890 | L44: 是 | M44: 否 | N44: 管理费用
A45: 刘院飘 | B45: JG000607 | C45: 刘院飘 | F45: 默认 | G45: IT工程师 | H45: 默认 | I45: 2022-02-08 | K45: 13632356631 | L45: 是 | M45: 否 | N45: 管理费用
A46: 陆嘉升 | B46: JG000165 | C46: 陆嘉升 | F46: 默认 | G46: 司机 | H46: 默认 | I46: 2020-04-26 | K46: 15118586363 | L46: 是 | M46: 否 | N46: 管理费用
A47: 陆卓明 | B47: JG001442 | C47: 陆卓明 | F47: 默认 | G47: 招聘培训主管 | H47: 默认 | I47: 2023-02-14 | K47: 13924571081 | L47: 是 | M47: 否 | N47: 管理费用
A48: 罗贤添 | B48: JG000021 | C48: 罗贤添 | D48: 人资行政部 | E48: 男 | F48: 默认 | G48: 司机 | H48: 默认 | I48: 2015-01-01 | K48: 13415595119 | L48: 是 | M48: 否 | N48: 管理费用 | O48: 40336
A49: 麦翠红 | B49: JG003012 | C49: 麦翠红 | F49: 默认 | G49: 厨工 | H49: 默认 | I49: 2026-03-01 | L49: 是 | M49: 否 | N49: 管理费用-福利费
A50: 麦惠晶 | B50: JG000003 | C50: 麦惠晶 | F50: 默认 | G50: 采购工程师 | H50: 默认 | I50: 2001-11-01 | K50: 13534323819 | L50: 是 | M50: 否 | N50: 管理费用
A51: 莫德强 | B51: JG001489 | C51: 莫德强 | F51: 默认 | G51: 厨师 | H51: 默认 | I51: 2023-03-03 | K51: 13724619209 | L51: 是 | M51: 否 | N51: 管理费用-福利费
A52: 欧阳凯怡 | B52: JG000109 | C52: 欧阳凯怡 | F52: 默认 | G52: 项目申报专员 | H52: 默认 | I52: 2018-08-29 | K52: 15626293885 | L52: 是 | M52: 否 | N52: 管理费用
A53: 潘佩珍 | B53: JG000241 | C53: 潘佩珍 | F53: 默认 | G53: 清洁工 | H53: 默认 | I53: 2021-04-09 | K53: 15916112667 | L53: 是 | M53: 否 | N53: 管理费用
A54: 彭爱英 | B54: JG000219 | C54: 彭爱英 | F54: 默认 | G54: 厨工 | H54: 默认 | I54: 2021-03-01 | K54: 13590512416 | L54: 是 | M54: 否 | N54: 管理费用-福利费
A55: 彭春光 | B55: JG000004 | C55: 彭春光 | F55: 默认 | G55: 采购专员 | H55: 默认 | I55: 2015-01-01 | K55: 13923127012 | L55: 是 | M55: 否 | N55: 管理费用
A56: 区巧嫦 | B56: JG000146 | C56: 区巧嫦 | F56: 默认 | G56: 会计 | H56: 默认 | I56: 2020-01-02 | K56: 13553310172 | L56: 是 | M56: 否 | N56: 管理费用
A57: 区庆芬 | B57: JG000064 | C57: 区庆芬 | F57: 默认 | G57: 厨工 | H57: 默认 | I57: 2016-03-24 | K57: 13925905863 | L57: 是 | M57: 否 | N57: 管理费用-福利费
A58: 全亮明 | B58: JG000033 | C58: 全亮明 | D58: 人资行政部 | E58: 男 | F58: 默认 | G58: 水电杂工 | H58: 默认 | I58: 2001-11-01 | K58: 13690616361 | L58: 是 | M58: 否 | N58: 管理费用 | O58: 0
A59: 商娜 | B59: JG003000 | C59: 商娜 | D59: 人资行政部 | E59: 女 | F59: 默认 | G59: 总监 | H59: 默认 | I59: 2026-01-02 | L59: 是 | M59: 否 | N59: 管理费用 | O59: 46024
A60: 沈智迪 | B60: JG000120 | C60: 沈智迪 | D60: 董秘办 | E60: 女 | F60: 默认 | G60: 网络推广专员 | H60: 默认 | I60: 2019-03-26 | K60: 13590680211 | L60: 是 | M60: 否 | N60: 管理费用 | O60: 43550
A61: 覃思松 | B61: JG002907 | C61: 覃思松 | F61: 默认 | G61: 清洁工 | H61: 默认 | I61: 2025-10-13 | L61: 是 | M61: 否 | N61: 管理费用-福利费
A62: 谭勤开 | B62: JG001231 | C62: 谭勤开 | F62: 默认 | G62: 清洁工 | H62: 默认 | I62: 2020-06-22 | K62: 13724622461 | L62: 是 | M62: 否 | N62: 管理费用
A63: 谭志同 | B63: JG001502 | C63: 谭志同 | F63: 默认 | G63: 保安 | H63: 默认 | I63: 2019-01-09 | K63: 13612615447 | L63: 是 | M63: 否 | N63: 管理费用
A64: 汤艺山 | B64: JG002830 | C64: 汤艺山 | D64: 审计部 | E64: 男 | F64: 默认 | G64: 审计主管 | H64: 默认 | I64: 2025-08-25 | L64: 是 | M64: 否 | N64: 管理费用 | O64: 45895
A65: 陶正红 | B65: JG002986 | C65: 陶正红 | D65: 人资行政部 | E65: 男 | F65: 默认 | G65: 保安 | H65: 默认 | I65: 2025-12-11 | L65: 是 | M65: 否 | N65: 管理费用 | O65: 46001
A66: 王蓉 | B66: JG002690 | C66: 王蓉 | F66: 默认 | G66: 采购工程师 | H66: 默认 | I66: 2025-04-23 | K66: 13823784186 | L66: 是 | M66: 否 | N66: 管理费用
A67: 韦才仟 | B67: JG000203 | C67: 韦才仟 | F67: 默认 | G67: 保安 | H67: 默认 | I67: 2020-12-03 | K67: 13630745242 | L67: 是 | M67: 否 | N67: 管理费用
A68: 韦芳 | B68: JG002922 | C68: 韦芳 | F68: 默认 | G68: 清洁工 | H68: 默认 | I68: 2025-10-17 | L68: 是 | M68: 否 | N68: 管理费用-福利费
A69: 韦小明 | B69: JG000022 | C69: 韦小明 | F69: 默认 | G69: 司机 | H69: 默认 | I69: 2015-01-05 | K69: 15916169417 | L69: 是 | M69: 否 | N69: 管理费用
A70: 韦裕枝 | B70: JG001785 | C70: 韦裕枝 | D70: 人资行政部 | E70: 男 | F70: 默认 | G70: 保安 | H70: 默认 | I70: 2024-05-27 | K70: 13143194586 | L70: 是 | M70: 否 | N70: 管理费用 | O70: 45437
A71: 温梅玲 | B71: JG003072 | C71: 温梅玲 | D71: 人资行政部 | E71: 女 | F71: 默认 | G71: 厨工 | H71: 默认 | I71: 2026-03-24 | L71: 是 | M71: 否 | N71: 管理费用-福利费 | O71: 46105
A72: 吴日生 | B72: JG001909 | C72: 吴日生 | D72: 人资行政部 | E72: 男 | F72: 默认 | G72: 保安 | H72: 默认 | I72: 2024-08-17 | L72: 是 | M72: 否 | N72: 管理费用 | O72: 45521
A73: 肖羲 | B73: JG001046 | C73: 肖羲 | F73: 默认 | G73: 保安 | H73: 默认 | I73: 2022-09-01 | K73: 13728532113 | L73: 是 | M73: 否 | N73: 管理费用
A74: 谢国平 | B74: JG001496 | C74: 谢国平 | D74: 人资行政部 | E74: 男 | F74: 默认 | G74: 行政安全主管 | H74: 默认 | I74: 2024-07-01 | K74: 15017768983 | L74: 是 | M74: 否 | N74: 管理费用 | O74: 45008
A75: 谢月彩 | B75: JG002878 | C75: 谢月彩 | F75: 默认 | G75: 厨工 | H75: 默认 | I75: 2025-09-25 | L75: 是 | M75: 否 | N75: 管理费用-福利费
A76: 胥明 | B76: JG000507 | C76: 胥明 | F76: 默认 | G76: 保安 | H76: 默认 | I76: 2022-02-12 | K76: 13077496243 | L76: 是 | M76: 否 | N76: 管理费用
A77: 徐谏芬 | B77: JG000449 | C77: 徐谏芬 | F77: 默认 | G77: 清洁工 | H77: 默认 | I77: 2021-10-18 | K77: 15017648116 | L77: 是 | M77: 否 | N77: 管理费用
A78: 许青 | B78: JG003056 | C78: 许青 | F78: 默认 | G78: 清洁工 | H78: 默认 | I78: 2026-03-17 | L78: 是 | M78: 否 | N78: 管理费用-福利费
A79: 薛妮娜 | B79: JG000054 | C79: 薛妮娜 | F79: 默认 | G79: 董事会秘书 | H79: 默认 | I79: 2015-07-01 | K79: 15915244527 | L79: 是 | M79: 否 | N79: 管理费用
A80: 杨春蓉 | B80: JG000275 | C80: 杨春蓉 | F80: 默认 | G80: 厨工 | H80: 默认 | I80: 2021-06-28 | K80: 17688218879 | L80: 是 | M80: 否 | N80: 管理费用-福利费
A81: 杨翠华 | B81: VK000002 | C81: 杨翠华 | F81: 默认 | G81: 煮饭工 | H81: 默认 | I81: 2008-03-31 | K81: 13927740432 | L81: 是 | M81: 否 | N81: 管理费用
A82: 杨国桢 | B82: JG000002 | C82: 杨国桢 | F82: 默认 | G82: 副总经理 | H82: 默认 | I82: 2001-11-01 | K82: 13600306395 | L82: 是 | M82: 否 | N82: 管理费用
A83: 杨秀欣 | B83: JG000335 | C83: 杨秀欣 | F83: 默认 | G83: 会计 | H83: 默认 | I83: 2025-04-01 | K83: 13715458048 | L83: 是 | M83: 否 | N83: 管理费用
A84: 姚春香 | B84: JG002946 | C84: 姚春香 | F84: 默认 | G84: 清洁工 | H84: 默认 | I84: 2025-10-29 | L84: 是 | M84: 否 | N84: 管理费用-福利费
A85: 叶锦聪 | B85: JG003014 | C85: 叶锦聪 | F85: 默认 | G85: 证券事务代表 | H85: 默认 | I85: 2026-03-02 | L85: 是 | M85: 否 | N85: 管理费用
A86: 余光武 | B86: JG001528 | C86: 余光武 | D86: 人资行政部 | E86: 男 | F86: 默认 | G86: 厨师 | H86: 默认 | I86: 2023-07-11 | K86: 18264255379 | L86: 是 | M86: 否 | N86: 管理费用-福利费 | O86: 45118
A87: 袁晓京 | B87: JG002988 | C87: 袁晓京 | F87: 默认 | G87: 证券事务代表 | H87: 默认 | I87: 2025-12-10 | L87: 是 | M87: 否 | N87: 管理费用
A88: 张洁英 | B88: JG003060 | C88: 张洁英 | F88: 默认 | G88: 清洁工 | H88: 默认 | I88: 2026-03-19 | L88: 是 | M88: 否 | N88: 管理费用-福利费
A89: 张琳 | B89: JG001373 | C89: 张琳 | F89: 默认 | G89: 总监 | H89: 默认 | I89: 2023-02-01 | K89: 13802686394 | L89: 是 | M89: 否 | N89: 管理费用
A90: 张少金 | B90: JG000145 | C90: 张少金 | F90: 默认 | G90: 会计 | H90: 默认 | I90: 2019-12-02 | K90: 13794022632 | L90: 是 | M90: 否 | N90: 管理费用
A91: 赵先进 | B91: JG000224 | C91: 赵先进 | D91: 人资行政部 | E91: 男 | F91: 默认 | G91: 保安 | H91: 默认 | I91: 2021-03-04 | K91: 18820878729 | L91: 是 | M91: 否 | N91: 管理费用 | O91: 44259
A92: 植新方 | B92: JG003007 | C92: 植新方 | D92: 人资行政部 | E92: 男 | F92: 默认 | G92: 厨师 | H92: 默认 | I92: 2026-02-26 | L92: 是 | M92: 否 | N92: 管理费用-福利费 | O92: 2026.2.26
A93: 周萍 | B93: JG000005 | C93: 周萍 | F93: 默认 | G93: 出纳 | H93: 默认 | I93: 2001-11-01 | K93: 13620842554 | L93: 是 | M93: 否 | N93: 管理费用
A94: 班玩兰 | B94: JG003049 | C94: 班玩兰 | D94: 生产部 | E94: 女 | F94: 默认 | G94: C班包装工 | H94: C班 | I94: 2026-03-07 | L94: 是 | M94: 否 | N94: 生产部-直接人工 | O94: 46083
A95: 毕丽平 | B95: JG001731 | C95: 毕丽平 | D95: 生产部 | F95: 默认 | G95: K班普工 | H95: 默认 | I95: 2024-04-24 | K95: 13138526867 | L95: 是 | M95: 否 | N95: 生产部-直接人工
A96: 蔡文妹 | B96: JG002761 | C96: 蔡文妹 | D96: 生产部 | F96: 默认 | G96: 仓管员 | H96: 默认 | I96: 2025-06-20 | K96: 15813644472 | L96: 是 | M96: 否 | N96: 生产部-直接人工
A97: 蔡伊萍 | B97: JG002666 | C97: 蔡伊萍 | D97: 生产部 | E97: 女 | F97: 默认 | G97: F班包装工 | H97: F班 | I97: 2025-04-11 | K97: 18718984298 | L97: 是 | M97: 否 | N97: 生产部-直接人工 | O97: 45757
A98: 曹石林 | B98: JG002872 | C98: 曹石林 | D98: 生产部 | F98: 默认 | G98: 机修 | H98: 默认 | I98: 2025-09-22 | L98: 是 | M98: 否 | N98: 生产部-辅助人工
A99: 岑建英 | B99: JG000783 | C99: 岑建英 | D99: 生产部 | E99: 女 | F99: 默认 | G99: C班包装工 | H99: C班 | I99: 2022-03-04 | K99: 15177682292 | L99: 是 | M99: 否 | N99: 生产部-直接人工 | O99: 45151
A100: 曾炳棣 | B100: JG001636 | C100: 曾炳棣 | D100: 生产部 | F100: 默认 | G100: 仓管员 | H100: 默认 | I100: 2023-11-06 | K100: 13570533360 | L100: 是 | M100: 否 | N100: 生产部-辅助人工
...

Sheet 入住明细
A1: 序号 | B1: 工号 | C1: 住宿员工姓名 | D1: 性别 | E1: 部门 | F1: 岗位 | G1: 班组 | H1: 考勤班次 | I1: 入住时间 | J1: 入住房号 | K1: 工号
A2: 1 | B2: JG910018 | C2: 植秀悦 | D2: 男 | E2: 生产部 | F2: 生产B班 | G2: B班 | H2: B班 | I2: 44263 | J2: A217 | K2: =VLOOKUP(C2,花名册!A:B,2) -> JG910018
A3: 2 | B3: JG910017 | C3: 徐金英 | D3: 女 | E3: 生产部 | F3: 生产B班 | G3: B班 | H3: B班 | I3: 44652 | J3: B204 | K3: =VLOOKUP(C3,花名册!A:B,2) -> JG910017
A4: 3 | B4: JG002845 | C4: 彭金忆 | D4: 女 | E4: 生产部 | F4: 生产D班 | G4: D班 | H4: D班 | I4: 45908 | J4: A102 | K4: =VLOOKUP(C4,花名册!A:B,2) -> JG002845
A5: 4 | B5: JG002846 | C5: 宋向强 | D5: 男 | E5: 生产部 | F5: 生产D班 | G5: D班 | H5: D班 | I5: 45908 | J5: A102 | K5: =VLOOKUP(C5,花名册!A:B,2) -> JG002846
A6: 5 | B6: JG002155 | C6: 梁智锋 | D6: 男 | E6: 生产部 | F6: 生产D班 | G6: D班 | H6: D班 | I6: 45615 | J6: A103 | K6: =VLOOKUP(C6,花名册!A:B,2) -> JG002155
A7: 6 | B7: JG910018 | C7: 张梦珠 | D7: 女 | E7: 研发中心 | I7: 45615 | J7: A217 | K7: =VLOOKUP(C7,花名册!A:B,2) -> JG910018
A8: 7 | B8: JG001518 | C8: 陈月霞 | D8: 女 | E8: 生产部 | F8: 生产B班 | G8: B班 | H8: B班 | I8: 46183 | J8: A104 | K8: =VLOOKUP(C8,花名册!A:B,2) -> JG001518
A9: 8 | B9: JG000851 | C9: 黄安才 | D9: 男 | E9: 生产部 | F9: 生产B班 | G9: B班 | H9: B班 | I9: 46183 | J9: A104 | K9: =VLOOKUP(C9,花名册!A:B,2) -> JG000851
A10: 9 | B10: JG001557 | C10: 梁刘媚 | D10: 女 | E10: 生产部 | F10: 生产C班 | G10: C班 | H10: C班 | I10: 45280 | J10: A105 | K10: =VLOOKUP(C10,花名册!A:B,2) -> JG001557
A11: 10 | B11: JG000206 | C11: 梁伟满 | D11: 男 | E11: 生产部 | F11: 生产C班 | G11: C班 | H11: C班 | I11: 45280 | J11: A105 | K11: =VLOOKUP(C11,花名册!A:B,2) -> JG000206
A12: 11 | B12: JG000105 | C12: 李文武 | D12: 男 | E12: 生产部 | F12: 生产A班 | G12: A班 | H12: A班 | I12: 43263 | J12: A106 | K12: =VLOOKUP(C12,花名册!A:B,2) -> JG000105
A13: 12 | B13: JG000104 | C13: 刘胜分 | D13: 女 | E13: 生产部 | F13: 生产A班 | G13: A班 | H13: A班 | I13: 43263 | J13: A106 | K13: =VLOOKUP(C13,花名册!A:B,2) -> JG000104
A14: 13 | B14: JG000102 | C14: 莫恩明 | D14: 男 | E14: 生产部 | F14: 生产A班 | G14: A班 | H14: A班 | I14: 43260 | J14: A107 | K14: =VLOOKUP(C14,花名册!A:B,2) -> JG000102
A15: 14 | B15: JG000103 | C15: 陈群丽 | D15: 女 | E15: 生产部 | F15: 生产A班 | G15: A班 | H15: A班 | I15: 43260 | J15: A107 | K15: =VLOOKUP(C15,花名册!A:B,2) -> JG000103
A16: 15 | B16: JG910016 | C16: 王卫芳 | D16: 女 | E16: 生产部 | F16: 生产J班 | G16: J班 | H16: J班 | I16: 46113 | J16: A203 | K16: =VLOOKUP(C16,花名册!A:B,2) -> JG910016
A17: 16 | B17: JG002725 | C17: 侯昌寿 | D17: 男 | E17: 生产部 | F17: 生产J班 | G17: J班 | H17: J班 | I17: 46113 | J17: A108 | K17: =VLOOKUP(C17,花名册!A:B,2) -> JG002725
A18: 17 | B18: JG910016 | C18: 王泽能 | D18: 男 | E18: 生产部 | F18: 生产C班 | G18: C班 | H18: C班 | I18: 44281 | J18: A203 | K18: =VLOOKUP(C18,花名册!A:B,2) -> JG910016
A19: 18 | B19: JG910018 | C19: 祝李梅 | D19: 女 | E19: 生产部 | F19: 生产C班 | G19: C班 | H19: C班 | I19: 44281 | J19: A217 | K19: =VLOOKUP(C19,花名册!A:B,2) -> JG910018
... A21: 20 | B21: JG001514 | C21: 廖明 | D21: 男 | E21: 生产部 | F21: 生产C班 | G21: C班 | H21: C班 | I21: 45080 | J21: A110 | K21: =VLOOKUP(C21,花名册!A:B,2) -> JG001514
A22: 21 | B22: JG001249 | C22: 冯泽荣 | D22: 男 | E22: 生产部 | F22: 生产B班 | G22: B班 | H22: B班 | J22: A111 | K22: =VLOOKUP(C22,花名册!A:B,2) -> JG001249
A23: 22 | B23: JG001250 | C23: 黄春芹 | D23: 女 | E23: 生产部 | F23: 生产B班 | G23: B班 | H23: B班 | J23: A111 | K23: =VLOOKUP(C23,花名册!A:B,2) -> JG001250
A24: 23 | B24: JG001233 | C24: 盘才天 | D24: 男 | E24: 生产部 | F24: 生产J班 | G24: J班 | H24: J班 | J24: A112 | K24: =VLOOKUP(C24,花名册!A:B,2) -> JG001233
A25: 24 | B25: JG910018 | C25: 赵小燕 | D25: 女 | E25: 生产部 | F25: 生产J班 | G25: J班 | H25: J班 | J25: A217 | K25: =VLOOKUP(C25,花名册!A:B,2) -> JG910018
A26: 25 | B26: JG000048 | C26: 李明武 | D26: 男 | E26: 生产部 | F26: 生产A班 | G26: A班 | H26: A班 | I26: 42072 | J26: A113 | K26: =VLOOKUP(C26,花名册!A:B,2) -> JG000048
A27: 26 | B27: JG000049 | C27: 付群飞 | D27: 女 | E27: 生产部 | F27: 生产A班 | G27: A班 | H27: A班 | I27: 42072 | J27: A113 | K27: =VLOOKUP(C27,花名册!A:B,2) -> JG000049
A28: 27 | B28: JG002641 | C28: 全亮明 | D28: 男 | E28: 人资行政部 | F28: 水电工 | J28: A516 | K28: =VLOOKUP(C28,花名册!A:B,2) -> JG002641
A29: 28 | B29: JG002686 | C29: 全任辉 | D29: 男 | E29: 生产部 | F29: 仓管员 | I29: 45839 | J29: A201 | K29: =VLOOKUP(C29,花名册!A:B,2) -> JG002686
A30: 29 | B30: JG910016 | C30: 王桂芳 | D30: 女 | E30: 生产部 | F30: 仓储科 | I30: 2025.12.13 | J30: A203 | K30: =VLOOKUP(C30,花名册!A:B,2) -> JG910016
A31: 30 | B31: JG002881 | C31: 龙建勇 | D31: 男 | E31: 生产部 | F31: 设备科 | I31: 2025.12.13 | J31: A115 | K31: =VLOOKUP(C31,花名册!A:B,2) -> JG002881
A32: 31 | B32: #N/A | C32: 岑盛大 | D32: 男 | E32: 人资行政部 | I32: 43969 | J32: #N/A | K32: =VLOOKUP(C32,花名册!A:B,2) -> #N/A
A33: 32 | B33: JG002886 | C33: 林青山 | D33: 男 | E33: 人资行政部 | I33: 38887 | J33: A115 | K33: =VLOOKUP(C33,花名册!A:B,2) -> JG002886
A34: 33 | B34: JG002025 | C34: 邰进英 | D34: 女 | E34: 生产部 | F34: 生产C班 | G34: C班 | H34: C班 | I34: 45705 | J34: A118 | K34: =VLOOKUP(C34,花名册!A:B,2) -> JG002025
A35: 34 | B35: JG002061 | C35: 廖华 | D35: 男 | E35: 生产部 | F35: 生产C班 | G35: C班 | H35: C班 | I35: 45705 | J35: A118 | K35: =VLOOKUP(C35,花名册!A:B,2) -> JG002061
A36: 35 | B36: JG002686 | C36: 全任辉 | D36: 男 | E36: 生产部 | F36: 仓管员 | I36: 45839 | J36: A201 | K36: =VLOOKUP(C36,花名册!A:B,2) -> JG002686
A37: 36 | B37: #N/A | J37: #N/A | K37: =VLOOKUP(C37,花名册!A:B,2) -> #N/A
A38: 37 | B38: #N/A | J38: #N/A | K38: =VLOOKUP(C38,花名册!A:B,2) -> #N/A
A39: 38 | B39: #N/A | J39: #N/A | K39: =VLOOKUP(C39,花名册!A:B,2) -> #N/A
A40: 39 | B40: JG002005 | C40: 马源辰 | D40: 男 | E40: 研发部 | F40: 研发工程师 | I40: 46204 | J40: B305 | K40: =VLOOKUP(C40,花名册!A:B,2) -> JG002005
A41: 40 | B41: JG000051 | C41: 李乐斌 | D41: 男 | E41: 研发部 | F41: 研发工程师 | I41: 46204 | J41: A113 | K41: =VLOOKUP(C41,花名册!A:B,2) -> JG000051
A42: 41 | B42: #N/A | J42: #N/A | K42: =VLOOKUP(C42,花名册!A:B,2) -> #N/A
A43: 42 | B43: #N/A | J43: #N/A | K43: =VLOOKUP(C43,花名册!A:B,2) -> #N/A
A44: 43 | B44: JG910016 | C44: 王斌 | D44: 男 | E44: 研发部 | F44: 研发工程师 | I44: 46204 | J44: A203 | K44: =VLOOKUP(C44,花名册!A:B,2) -> JG910016
A45: 44 | B45: #N/A | J45: #N/A | K45: =VLOOKUP(C45,花名册!A:B,2) -> #N/A
A46: 45 | B46: #N/A | J46: #N/A | K46: =VLOOKUP(C46,花名册!A:B,2) -> #N/A
A47: 46 | B47: #N/A | J47: #N/A | K47: =VLOOKUP(C47,花名册!A:B,2) -> #N/A
A48: 47 | B48: JG002642 | C48: 卢锐文 | D48: 男 | E48: 品质部 | F48: 质检员 | I48: 45754 | J48: A204 | K48: =VLOOKUP(C48,花名册!A:B,2) -> JG002642
A49: 48 | B49: JG002762 | C49: 胡伟达 | D49: 男 | E49: 品质部 | F49: 质检员 | I49: 45828 | J49: A204 | K49: =VLOOKUP(C49,花名册!A:B,2) -> JG002762
A50: 49 | B50: #N/A | J50: #N/A | K50: =VLOOKUP(C50,花名册!A:B,2) -> #N/A
A51: 50 | B51: JG001535 | C51: 黎新图 | D51: 男 | E51: 研发部 | F51: 研发工程师 | I51: 45292 | J51: A315 | K51: =VLOOKUP(C51,花名册!A:B,2) -> JG001535
A52: 51 | B52: JG002740 | C52: 罗浩铿 | D52: 男 | E52: 研发部 | F52: 研发技术员 | J52: A212 | K52: =VLOOKUP(C52,花名册!A:B,2) -> JG002740
A53: 52 | B53: JG003213 | C53: 任光星 | D53: 男 | E53: 品质部 | I53: 45292 | J53: A210 | K53: =VLOOKUP(C53,花名册!A:B,2) -> JG003213
A54: 53 | B54: JG910016 | C54: 向一洋 | D54: 男 | E54: 品质部 | F54: 质检技术员 | I54: 2025.7.1调入 | J54: A203 | K54: =VLOOKUP(C54,花名册!A:B,2) -> JG910016
A55: 54 | B55: JG910018 | C55: 张啟泰 | D55: 男 | E55: 研发中心 | I55: 45292 | J55: A217 | K55: =VLOOKUP(C55,花名册!A:B,2) -> JG910018
A56: 55 | B56: JG003112 | C56: 聂锦雄 | D56: 男 | E56: 研发中心 | I56: 45583 | J56: B407 | K56: =VLOOKUP(C56,花名册!A:B,2) -> JG003112
A57: 56 | B57: JG910015 | C57: 唐秋生 | D57: 男 | E57: 生产部 | F57: 生产C班 | G57: C班 | H57: C班 | I57: 45544 | J57: B207 | K57: =VLOOKUP(C57,花名册!A:B,2) -> JG910015
A58: 57 | B58: JG910016 | C58: 吴会娥 | D58: 女 | E58: 生产部 | F58: F班 | G58: F班 | H58: F班 | I58: 45696 | J58: A203 | K58: =VLOOKUP(C58,花名册!A:B,2) -> JG910016
A59: 58 | B59: JG000594 | C59: 陈泓源 | D59: 男 | E59: 销售部 | I59: 45292 | J59: A509 | K59: =VLOOKUP(C59,花名册!A:B,2) -> JG000594
A60: 59 | B60: JG003069 | C60: 谭佳鑫 | D60: 男 | E60: 生产部 | I60: 46104 | J60: A209 | K60: =VLOOKUP(C60,花名册!A:B,2) -> JG003069
A61: 60 | B61: JG003213 | C61: 饶露兵 | D61: 男 | E61: 生产部 | F61: 现场巡查员 | I61: 46188 | J61: A210 | K61: =VLOOKUP(C61,花名册!A:B,2) -> JG003213
A62: 61 | B62: JG000053 | C62: 陈健 | D62: 男 | E62: 生产部 | F62: 仓储科 | I62: 45838 | J62: A309 | K62: =VLOOKUP(C62,花名册!A:B,2) -> JG000053
A63: 62 | B63: JG003086 | C63: 廖述洋 | D63: 男 | E63: 研发部 | F63: 研发工程师 | I63: 46199 | J63: B407 | K63: =VLOOKUP(C63,花名册!A:B,2) -> JG003086
A64: 63 | B64: JG910016 | C64: 吴海彬 | D64: 男 | E64: 研发中心 | I64: 45292 | J64: A203 | K64: =VLOOKUP(C64,花名册!A:B,2) -> JG910016
A65: 64 | B65: JG910018 | C65: 郑伟深 | D65: 男 | E65: 生产部 | F65: 生产D班 | G65: D班 | H65: D班 | I65: 45757 | J65: A217 | K65: =VLOOKUP(C65,花名册!A:B,2) -> JG910018
A66: 65 | B66: #N/A | C66: 蔡伊萍 | D66: 女 | E66: 生产部 | F66: 生产F班 | G66: F班 | H66: F班 | I66: 45757 | J66: #N/A | K66: =VLOOKUP(C66,花名册!A:B,2) -> #N/A
A67: 66 | B67: JG910018 | C67: 张安亮 | D67: 男 | E67: 生产部 | F67: 生产B班 | G67: B班 | H67: B班 | I67: 45609 | J67: A217 | K67: =VLOOKUP(C67,花名册!A:B,2) -> JG910018
A68: 67 | B68: JG910016 | C68: 向元美 | D68: 女 | E68: 生产部 | F68: 生产B班 | G68: B班 | H68: B班 | I68: 45609 | J68: A203 | K68: =VLOOKUP(C68,花名册!A:B,2) -> JG910016
A69: 68 | B69: JG002597 | C69: 陈伦香 | D69: 女 | E69: 人资行政部 | I69: 45731 | J69: A214 | K69: =VLOOKUP(C69,花名册!A:B,2) -> JG002597
A70: 69 | B70: JG000594 | C70: 陈宝华 | D70: 男 | E70: 生产部 | F70: 设备科 | I70: 45731 | J70: A509 | K70: =VLOOKUP(C70,花名册!A:B,2) -> JG000594
A71: 70 | B71: JG002902 | C71: 罗涛 | D71: 男 | E71: 生产部 | F71: 设备科 | I71: 45941 | J71: A215 | K71: =VLOOKUP(C71,花名册!A:B,2) -> JG002902
A72: 71 | B72: JG000302 | C72: 黄嘉炎 | D72: 男 | E72: 生产部 | F72: 设备科 | I72: 45793 | J72: A215 | K72: =VLOOKUP(C72,花名册!A:B,2) -> JG000302
A73: 72 | B73: JG910016 | C73: 王冲 | D73: 男 | E73: 品质部 | I73: 45575 | J73: A203 | K73: =VLOOKUP(C73,花名册!A:B,2) -> JG910016
A74: 73 | B74: JG910018 | C74: 郑乐 | D74: 男 | E74: 品质部 | I74: 45712 | J74: A217 | K74: =VLOOKUP(C74,花名册!A:B,2) -> JG910018
A75: 74 | B75: JG002116 | C75: 黄莹 | D75: 女 | E75: 人资行政部 | F75: 实习生 | I75: 46154 | J75: A517 | K75: =VLOOKUP(C75,花名册!A:B,2) -> JG002116
A76: 75 | B76: JG910018 | C76: 杨文慧 | D76: 女 | E76: 研发部 | F76: 研发工程师 | I76: 46204 | J76: A217 | K76: =VLOOKUP(C76,花名册!A:B,2) -> JG910018
A77: 76 | B77: JG910018 | C77: 植新方 | D77: 男 | E77: 人资行政部 | I77: 2026.2.26 | J77: A217 | K77: =VLOOKUP(C77,花名册!A:B,2) -> JG910018
A78: 77 | B78: JG910018 | C78: 余光武 | D78: 男 | E78: 人资行政部 | I78: 45118 | J78: A217 | K78: =VLOOKUP(C78,花名册!A:B,2) -> JG910018
A79: 78 | B79: #N/A | J79: #N/A | K79: =VLOOKUP(C79,花名册!A:B,2) -> #N/A
A80: 79 | B80: JG910017 | C80: 肖湘 | D80: 男 | E80: 生产部 | F80: 设备科 | I80: 44610 | J80: B204 | K80: =VLOOKUP(C80,花名册!A:B,2) -> JG910017
A81: 80 | B81: JG910017 | C81: 肖建新 | D81: 男 | E81: 生产部 | I81: 44971 | J81: B204 | K81: =VLOOKUP(C81,花名册!A:B,2) -> JG910017
A82: 81 | B82: #N/A | J82: #N/A | K82: =VLOOKUP(C82,花名册!A:B,2) -> #N/A
A83: 82 | B83: #N/A | J83: #N/A | K83: =VLOOKUP(C83,花名册!A:B,2) -> #N/A
A84: 83 | B84: JG001020 | C84: 李建伟 | D84: 男 | E84: 生产部 | F84: 仓储科 | I84: 44784 | J84: A302 | K84: =VLOOKUP(C84,花名册!A:B,2) -> JG001020
A85: 84 | B85: JG002137 | C85: 胡韶庆 | D85: 男 | E85: 研发中心 | I85: 44684 | J85: B601 | K85: =VLOOKUP(C85,花名册!A:B,2) -> JG002137
A86: 85 | B86: JG002745 | C86: 黄国明 | D86: 男 | F86: 临时司机 | I86: 45472 | J86: B302 | K86: =VLOOKUP(C86,花名册!A:B,2) -> JG002745
A87: 86 | B87: #N/A | J87: #N/A | K87: =VLOOKUP(C87,花名册!A:B,2) -> #N/A
A88: 87 | B88: JG910017 | C88: 熊龙胜 | D88: 男 | E88: 生产部 | F88: 生产检查员 | I88: 46204 | J88: B204 | K88: =VLOOKUP(C88,花名册!A:B,2) -> JG910017
A89: 88 | B89: JG001943 | C89: 劳远胜 | D89: 男 | E89: 生产部 | F89: 设备科 | I89: 45538 | J89: A303 | K89: =VLOOKUP(C89,花名册!A:B,2) -> JG001943
A90: 89 | B90: JG003134 | C90: 秦玉辉 | D90: 男 | E90: 生产部 | F90: 设备科 | I90: 46140 | J90: A303 | K90: =VLOOKUP(C90,花名册!A:B,2) -> JG003134
A91: 90 | B91: #N/A | J91: #N/A | K91: =VLOOKUP(C91,花名册!A:B,2) -> #N/A
A92: 91 | B92: JG000042 | C92: 黄木养 | D92: 男 | E92: 生产部 | F92: 设备科 | I92: 42156 | J92: A304 | K92: =VLOOKUP(C92,花名册!A:B,2) -> JG000042
A93: 92 | B93: JG000121 | C93: 罗志威 | D93: 男 | E93: 生产部 | F93: 叉车司机 | I93: 2025.8.8调入 | J93: A304 | K93: =VLOOKUP(C93,花名册!A:B,2) -> JG000121
A94: 93 | B94: #N/A | J94: #N/A | K94: =VLOOKUP(C94,花名册!A:B,2) -> #N/A
A95: 94 | B95: #N/A | J95: #N/A | K95: =VLOOKUP(C95,花名册!A:B,2) -> #N/A
A96: 95 | B96: JG910016 | C96: 温梅玲 | D96: 女 | E96: 人资行政部 | I96: 46105 | J96: A203 | K96: =VLOOKUP(C96,花名册!A:B,2) -> JG910016
A97: 96 | B97: JG001859 | C97: 梁秋星 | D97: 女 | E97: 人资行政部 | F97: 厨工 | I97: 45370 | J97: B307 | K97: =VLOOKUP(C97,花名册!A:B,2) -> JG001859
A98: 97 | B98: JG003105 | C98: 江淑琴 | D98: 女 | E98: 人资行政部 | I98: 45769 | J98: B407 | K98: =VLOOKUP(C98,花名册!A:B,2) -> JG003105
A99: 98 | B99: #N/A | J99: #N/A | K99: =VLOOKUP(C99,花名册!A:B,2) -> #N/A
A100: 99 | B100: #N/A | J100: #N/A | K100: =VLOOKUP(C100,花名册!A:B,2) -> #N/A
A101: 100 | B101: JG001590 | C101: 冯伯忠 | D101: 男 | E101: 生产部 | F101: 仓储科 | I101: 45181 | J101: A306 | K101: =VLOOKUP(C101,花名册!A:B,2) -> JG001590
...

Sheet 宿舍档案
A1: 宿舍房号 | B1: 容量上限
A2: A101 | B2: 2
A3: A102 | B3: 2
A4: A103 | B4: 2
A5: A104 | B5: 2
A6: A105 | B6: 2
A7: A106 | B7: 2
A8: A107 | B8: 2
A9: A108 | B9: 2
A10: A109 | B10: 2
A11: A110 | B11: 2
A12: A111 | B12: 2
A13: A112 | B13: 2
... A141: B607 | B141: 4

Sheet 考勤班次

Sheet 员工班组
A1: 班组
A2: 默认
A3: C班
A4: F班
A5: A班
A6: E班
A7: B班
A8: D班
A9: J班
A10: K班
A11: H班

Sheet 部门
A1: 部门
A3: 人资行政部
A4: 生产部
A5: 采购部
A6: 董秘办
A7: 审计部
A8: 销售部
A9: 研发部

Sheet 6月 
A1: 2026年6月份员工宿舍电费扣费人员明细表
A2: 序号 | B2: 宿舍房号 | C2: 超用电/度 | D2: 入住人数 | E2: 住宿员工姓名 | F2: 性别 | G2: 部门 | H2: 班组/科 | I2: 入住时间 | J2: 扣费金额/元 | K2: 扣费金额/元 | L2: 离职时间 | M2: 备注
A3: 1 | B3: A101 | C3: 0 | D3: =COUNTA(E3:E4) -> 2 | E3: 植秀悦 | F3: 男 | G3: 生产部 | H3: 生产B班 | I3: 44263 | J3: =C3/D3 -> 0
E4: 徐金英 | F4: 女 | G4: 生产部 | H4: 生产B班 | I4: 44652 | J4: =C3/D3 -> 0
A5: 2 | B5: A102 | C5: 125 | D5: =COUNTA(E5:E6) -> 2 | E5: 彭金忆 | F5: 女 | G5: 生产部 | H5: 生产D班 | I5: 45908 | J5: =C5/D5 -> 62.5 | K5: =TRUNC(J5) -> 62
E6: 宋向强 | F6: 男 | G6: 生产部 | H6: 生产D班 | I6: 45908 | J6: =C5/D5 -> 62.5 | K6: =TRUNC(J6) -> 62
A7: 3 | B7: A103 | C7: 0 | D7: =COUNTA(E7:E8) -> 2 | E7: 梁智锋 | F7: 男 | G7: 生产部 | H7: 生产D班 | I7: 45615 | J7: =C7/D7 -> 0
E8: 张梦珠 | F8: 女 | G8: 研发中心 | H8: / | I8: 45615 | J8: =C7/D7 -> 0
A9: 4 | B9: A104 | C9: 0 | D9: =COUNTA(E9:E10) -> 2 | E9: 陈月霞 | F9: 女 | G9: 生产部 | H9: 生产B班 | I9: 46183 | J9: =C9/D9 -> 0
E10: 黄安才 | F10: 男 | G10: 生产部 | H10: 生产B班 | I10: 46183 | J10: =C9/D9 -> 0
A11: 5 | B11: A105 | C11: 239 | D11: =COUNTA(E11:E12) -> 2 | E11: 梁刘媚 | F11: 女 | G11: 生产部 | H11: 生产C班 | I11: 45280 | J11: =C11/D11 -> 119.5 | K11: =TRUNC(J11) -> 119
E12: 梁伟满 | F12: 男 | G12: 生产部 | H12: 生产C班 | I12: 45280 | J12: =C11/D11 -> 119.5 | K12: =TRUNC(J12) -> 119
A13: 6 | B13: A106 | C13: 33 | D13: =COUNTA(E13:E14) -> 2 | E13: 李文武 | F13: 男 | G13: 生产部 | H13: 生产A班 | I13: 43263 | J13: =C13/D13 -> 16.5 | K13: =TRUNC(J13) -> 16
E14: 刘胜分 | F14: 女 | G14: 生产部 | H14: 生产A班 | I14: 43263 | J14: =C13/D13 -> 16.5 | K14: =TRUNC(J14) -> 16
A15: 7 | B15: A107 | C15: 0 | D15: =COUNTA(E15:E16) -> 2 | E15: 莫恩明 | F15: 男 | G15: 生产部 | H15: 生产A班 | I15: 43260 | J15: =C15/D15 -> 0
E16: 陈群丽 | F16: 女 | G16: 生产部 | H16: 生产A班 | I16: 43260 | J16: =C15/D15 -> 0
A17: 8 | B17: A108 | C17: 0 | D17: =COUNTA(E17:E18) -> 2 | E17: 王卫芳 | F17: 女 | G17: 生产部 | H17: 生产J班 | I17: 46113 | J17: =C17/D17 -> 0
E18: 侯昌寿 | F18: 男 | G18: 生产部 | H18: 生产J班 | I18: 46113 | J18: =C17/D17 -> 0
A19: 9 | B19: A109 | C19: 72 | D19: =COUNTA(E19:E20) -> 2 | E19: 王泽能 | F19: 男 | G19: 生产部 | H19: 生产C班 | I19: 44281 | J19: =C19/D19 -> 36 | K19: =TRUNC(J19) -> 36
E20: 祝李梅 | F20: 女 | G20: 生产部 | H20: 生产C班 | I20: 44281 | J20: =C19/D19 -> 36 | K20: =TRUNC(J20) -> 36
A21: 10 | B21: A110 | C21: 0 | D21: =COUNTA(E21:E22) -> 2 | E21: 李燕芸 | F21: 女 | G21: 生产部 | H21: 生产C班 | I21: 44418 | J21: =C21/D21 -> 0
E22: 廖明 | F22: 男 | G22: 生产部 | H22: 生产C班 | I22: 45080 | J22: =C21/D21 -> 0
A23: 11 | B23: A111 | C23: 0 | D23: =COUNTA(E23:E24) -> 2 | E23: 冯泽荣 | F23: 男 | G23: 生产部 | H23: 生产B班 | J23: =C23/D23 -> 0
E24: 黄春芹 | F24: 女 | G24: 生产部 | H24: 生产B班 | J24: =C23/D23 -> 0
A25: 12 | B25: A112 | C25: 0 | D25: =COUNTA(E25:E26) -> 2 | E25: 盘才天 | F25: 男 | G25: 生产部 | H25: 生产J班 | J25: =C25/D25 -> 0
E26: 赵小燕 | F26: 女 | G26: 生产部 | H26: 生产J班 | J26: =C25/D25 -> 0
A27: 13 | B27: A113 | C27: 0 | D27: =COUNTA(E27:E28) -> 2 | E27: 李明武 | F27: 男 | G27: 生产部 | H27: 生产A班 | I27: 42072 | J27: =C27/D27 -> 0
E28: 付群飞 | F28: 女 | G28: 生产部 | H28: 生产A班 | I28: 42072 | J28: =C27/D27 -> 0
A29: 14 | B29: A114 | C29: 0 | D29: 2 | E29: 全亮明 | F29: 男 | G29: 人资行政部 | H29: 水电工 | J29: =C29/D29 -> 0
E30: 全任辉 | F30: 男 | G30: 生产部 | H30: 仓管员 | I30: 45839 | J30: =C29/D29 -> 0 | M30: A201产生电费计算入全任辉
A31: 15 | B31: A115 | C31: 0 | D31: =COUNTA(E31:E32) -> 2 | E31: 王桂芳 | F31: 女 | G31: 生产部 | H31: 仓储科 | I31: 2025.12.13 | J31: =C31/D31 -> 0
E32: 龙建勇 | F32: 男 | G32: 生产部 | H32: 设备科 | I32: 2025.12.13 | J32: =C31/D31 -> 0
A33: 16 | B33: A116 | C33: 0 | D33: =COUNTA(E33) -> 1 | E33: 岑盛大 | F33: 男 | G33: 人资行政部 | H33: / | I33: 43969 | J33: =C33/D33 -> 0
A34: 17 | B34: A117 | C34: 82 | D34: =COUNTA(E34) -> 1 | E34: 林青山 | F34: 男 | G34: 人资行政部 | H34: / | I34: 38887 | J34: =C34/D34 -> 82 | K34: =TRUNC(J34) -> 82
A35: 18 | B35: A118 | C35: 111 | D35: =COUNTA(E35:E36) -> 2 | E35: 邰进英 | F35: 女 | G35: 生产部 | H35: 生产C班 | I35: 45705 | J35: =C35/D35 -> 55.5 | K35: =TRUNC(J35) -> 55
E36: 廖华 | F36: 男 | G36: 生产部 | H36: 生产C班 | I36: 45705 | J36: =C35/D35 -> 55.5 | K36: =TRUNC(J36) -> 55
A37: 19 | B37: A201 | C37: 84 | D37: =COUNTA(E37:E40) -> 1 | E37: 全任辉 | F37: 男 | G37: 生产部 | H37: 仓管员 | I37: 45839 | K37: 84
A41: 20 | B41: A202 | C41: 0 | D41: =COUNTA(E41:E44) -> 2 | E41: 马源辰 | F41: 男 | G41: 研发部 | H41: 研发工程师 | I41: 46204
E42: 李乐斌 | F42: 男 | G42: 研发部 | H42: 研发工程师 | I42: 46204
A45: 21 | B45: A203 | C45: 0 | D45: =COUNTA(E45:E48) -> 1 | E45: 王斌 | F45: 男 | G45: 研发部 | H45: 研发工程师 | I45: 46204
A49: 22 | B49: A204 | C49: 258 | D49: =COUNTA(E49:E50) -> 2 | E49: 卢锐文 | F49: 男 | G49: 品质部 | H49: 质检员 | I49: 45754 | J49: =C49/D49 -> 129 | K49: =TRUNC(J49) -> 129
E50: 胡伟达 | F50: 男 | G50: 品质部 | H50: 质检员 | I50: 45828 | J50: =C49/D49 -> 129 | K50: =TRUNC(J50) -> 129
A51: 23 | B51: A205 | C51: 24 | D51: =COUNTA(E51:E53) -> 2
E52: 黎新图 | F52: 男 | G52: 研发部 | H52: 研发工程师 | I52: 45292 | J52: =C51/D51 -> 12 | K52: =TRUNC(J52) -> 12
E53: 罗浩铿 | F53: 男 | G53: 研发部 | H53: 研发技术员 | J53: =C51/D51 -> 12 | K53: =TRUNC(J53) -> 12
A54: 24 | B54: A206 | C54: 325 | D54: =COUNTA(E54:E55) -> 2 | E54: 任光星 | F54: 男 | G54: 品质部 | H54: / | I54: 45292 | J54: =C54/D54 -> 162.5 | K54: =TRUNC(J54) -> 162
E55: 向一洋 | F55: 男 | G55: 品质部 | H55: 质检技术员 | I55: 2025.7.1调入 | J55: =C54/D54 -> 162.5 | K55: =TRUNC(J55) -> 162
A56: 25 | B56: A207 | C56: 229 | D56: =COUNTA(E56:E57) -> 2 | E56: 张啟泰 | F56: 男 | G56: 研发中心 | H56: / | I56: 45292 | J56: =C56/D56 -> 114.5 | K56: =TRUNC(J56) -> 114
E57: 聂锦雄 | F57: 男 | G57: 研发中心 | H57: / | I57: 45583 | J57: =C56/D56 -> 114.5 | K57: =TRUNC(J57) -> 114
A58: 26 | B58: A208 | C58: 0 | D58: =COUNTA(E58:E59) -> 2 | E58: 唐秋生 | F58: 男 | G58: 生产部 | H58: 生产C班 | I58: 45544 | M58: 夫妻房
E59: 吴会娥 | F59: 女 | G59: 生产部 | H59: F班 | I59: 45696
A60: 27 | B60: A209 | C60: 44 | D60: =COUNTA(E60:E61) -> 2 | E60: 陈泓源 | F60: 男 | G60: 销售部 | H60: / | I60: 45292 | J60: 28 | K60: =TRUNC(J60) -> 28
E61: 谭佳鑫 | F61: 男 | G61: 生产部 | H61: / | I61: 46104 | J61: 44 | K61: 16 | M61: 算11天水电费
A62: 28 | B62: A210 | C62: 192 | D62: =COUNTA(E62:E63) -> 2 | E62: 饶露兵 | F62: 男 | G62: 生产部 | H62: 现场巡查员 | I62: 46188 | J62: 25 | K62: =TRUNC(J62) -> 25 | M62: 算8天水电费
E63: 陈健 | F63: 男 | G63: 生产部 | H63: 仓储科 | I63: 45838 | J63: 167 | K63: =TRUNC(J63) -> 167
A64: 29 | B64: A211 | C64: 63 | D64: =COUNTA(E64:E65) -> 2 | E64: 廖述洋 | F64: 男 | G64: 研发部 | H64: 研发工程师 | I64: 46199 | J64: 4.1 | K64: =TRUNC(J64) -> 4 | M64: 算4天水电费
E65: 吴海彬 | F65: 男 | G65: 研发中心 | H65: / | I65: 45292 | J65: 58.9 | K65: =TRUNC(J65) -> 58
A66: 30 | B66: A212 | C66: 36 | D66: =COUNTA(E66:E67) -> 2 | E66: 郑伟深 | F66: 男 | G66: 生产部 | H66: 生产D班 | I66: 45757 | J66: =C66/D66 -> 18 | K66: =TRUNC(J66) -> 18 | M66: 夫妻房
E67: 蔡伊萍 | F67: 女 | G67: 生产部 | H67: 生产F班 | I67: 45757 | J67: =C66/D66 -> 18 | K67: =TRUNC(J67) -> 18
A68: 31 | B68: A213 | C68: 55 | D68: =COUNTA(E68:E69) -> 2 | E68: 张安亮 | F68: 男 | G68: 生产部 | H68: 生产B班 | I68: 45609 | J68: =C68/D68 -> 27.5 | K68: =TRUNC(J68) -> 27 | M68: 夫妻房
E69: 向元美 | F69: 女 | G69: 生产部 | H69: 生产B班 | I69: 45609 | J69: =C68/D68 -> 27.5 | K69: =TRUNC(J69) -> 27
A70: 32 | B70: A214 | C70: 0 | D70: =COUNTA(E70:E71) -> 2 | E70: 陈伦香 | F70: 女 | G70: 人资行政部 | I70: 45731 | J70: =C70/D70 -> 0
E71: 陈宝华 | F71: 男 | G71: 生产部 | H71: 设备科 | I71: 45731 | J71: =C70/D70 -> 0
A72: 33 | B72: A215 | C72: 284 | D72: =COUNTA(E72:E73) -> 2 | E72: 罗涛 | F72: 男 | G72: 生产部 | H72: 设备科 | I72: 45941 | J72: =C72/D72 -> 142 | K72: =TRUNC(J72) -> 142
E73: 黄嘉炎 | F73: 男 | G73: 生产部 | H73: 设备科 | I73: 45793 | J73: =C72/D72 -> 142 | K73: =TRUNC(J73) -> 142
A74: 34 | B74: A216 | C74: 0 | D74: =COUNTA(E74:E75) -> 2 | E74: 王冲 | F74: 男 | G74: 品质部 | I74: 45575 | J74: =C74/D74 -> 0
E75: 郑乐 | F75: 男 | G75: 品质部 | I75: 45712 | J75: =C74/D74 -> 0
A76: 35 | B76: A217 | C76: 0 | D76: =COUNTA(E76:E77) -> 2 | E76: 黄莹 | F76: 女 | G76: 人资行政部 | H76: 实习生 | I76: 46154 | J76: =C76/D76 -> 0
E77: 杨文慧 | F77: 女 | G77: 研发部 | H77: 研发工程师 | I77: 46204
A78: 36 | B78: A218 | C78: 72 | D78: =COUNTA(E78:E80) -> 2 | E78: 植新方 | F78: 男 | G78: 人资行政部 | H78: / | I78: 2026.2.26 | J78: =C78/D78 -> 36 | K78: =TRUNC(J78) -> 36
E79: 余光武 | F79: 男 | G79: 人资行政部 | H79: / | I79: 45118 | J79: =C78/D78 -> 36 | K79: =TRUNC(J79) -> 36 | M79: 2024/10/20调入
A81: 37 | B81: A301 | C81: 287 | D81: =COUNTA(E81:E84) -> 2 | E81: 肖湘 | F81: 男 | G81: 生产部 | H81: 设备科 | I81: 44610 | J81: =C81/D81 -> 143.5 | K81: =TRUNC(J81) -> 143
E82: 肖建新 | F82: 男 | G82: 生产部 | I82: 44971 | J82: =C81/D81 -> 143.5 | K82: =TRUNC(J82) -> 143
A85: 38 | B85: A302 | C85: 0 | D85: =COUNTA(E85:E88) -> 3 | E85: 李建伟 | F85: 男 | G85: 生产部 | H85: 仓储科 | I85: 44784 | J85: =C85/D85 -> 0
E86: 胡韶庆 | F86: 男 | G86: 研发中心 | H86: / | I86: 44684 | J86: =C85/D85 -> 0
E87: 黄国明 | F87: 男 | H87: 临时司机 | I87: 45472 | J87: =C85/D85 -> 0
A89: 39 | B89: A303 | C89: 247 | D89: 2 | E89: 熊龙胜 | F89: 男 | G89: 生产部 | H89: 生产检查员 | I89: 46204
E90: 劳远胜 | F90: 男 | G90: 生产部 | H90: 设备科 | I90: 45538 | J90: 160.9 | K90: =TRUNC(J90) -> 160
E91: 秦玉辉 | F91: 男 | G91: 生产部 | H91: 设备科 | I91: 46140 | J91: 86.1 | K91: =TRUNC(J91) -> 86 | M91: 扣21天电费
A93: 40 | B93: A304 | C93: 0 | D93: =COUNTA(E93:E96) -> 2 | E93: 黄木养 | F93: 男 | G93: 生产部 | H93: 设备科 | I93: 42156 | J93: =C93/D93 -> 0
E94: 罗志威 | F94: 男 | G94: 生产部 | H94: 叉车司机 | I94: 2025.8.8调入 | J94: =C93/D93 -> 0
A97: 41 | B97: A305 | C97: 0 | D97: =COUNTA(E97:E100) -> 3 | E97: 温梅玲 | F97: 女 | G97: 人资行政部 | I97: 46105 | J97: =C97/D97 -> 0
E98: 梁秋星 | F98: 女 | G98: 人资行政部 | H98: 厨工 | I98: 45370 | J98: =C97/D97 -> 0
E99: 江淑琴 | F99: 女 | G99: 人资行政部 | I99: 45769 | J99: =C97/D97 -> 0
A101: 42 | B101: A306 | C101: 112 | D101: =COUNTA(E101:E104) -> 3
E102: 冯伯忠 | F102: 男 | G102: 生产部 | H102: 仓储科 | I102: 45181 | J102: =C101/D101 -> 37.333333 | K102: =TRUNC(J102) -> 37
E103: 董朝阳 | F103: 男 | G103: 生产部 | H103: 仓储科 | I103: 45163 | J103: =C101/D101 -> 37.333333 | K103: =TRUNC(J103) -> 37
E104: 王顺武 | F104: 男 | G104: 生产部 | H104: 仓储科 | I104: 45701 | J104: =C101/D101 -> 37.333333 | K104: =TRUNC(J104) -> 37
A105: 43 | B105: A307 | C105: 168 | D105: =COUNTA(E105:E108) -> 2 | E105: 甘作敬 | F105: 男 | G105: 人资行政部 | H105: / | I105: 39513 | J105: =C105/D105 -> 84 | K105: =TRUNC(J105) -> 84
E106: 罗贤添 | F106: 男 | G106: 人资行政部 | H106: / | I106: 40336 | J106: =C105/D105 -> 84 | K106: =TRUNC(J106) -> 84
A109: 44 | B109: A308 | C109: 0 | D109: =COUNTA(E109:E112) -> 2 | E109: 陈望海 | F109: 男 | G109: 人资行政部 | H109: / | I109: 42382 | J109: =C109/D109 -> 0
E110: 曾红全 | F110: 男 | G110: 人资行政部 | H110: / | I110: 42483 | J110: =C109/D109 -> 0
A113: 45 | B113: A309 | C113: 0 | D113: =COUNTA(E113:E116) -> 2 | E113: 陈建成 | F113: 男 | G113: 人资行政部 | H113: / | I113: 42182 | J113: =C113/D113 -> 0
E114: 赵先进 | F114: 男 | G114: 人资行政部 | H114: / | I114: 44259 | J114: =C113/D113 -> 0
A117: 46 | B117: A310 | C117: 0 | D117: =COUNTA(E117:E120) -> 2 | E117: 韦裕枝 | F117: 男 | G117: 人资行政部 | H117: / | I117: 45437 | J117: =C117/D117 -> 0
E118: 吴日生 | F118: 男 | G118: 人资行政部 | I118: 45521 | J118: =C117/D117 -> 0
A121: 47 | B121: A311 | C121: 0 | D121: =COUNTA(E121:E124) -> 3 | E121: 谭云飞 | F121: 男 | G121: 生产部 | H121: 仓储科 | I121: 44188 | J121: =C121/D121 -> 0
E122: 韦绕 | F122: 男 | G122: 生产部 | H122: 仓储科 | I122: 44252 | J122: =C121/D121 -> 0
E123: 温永清 | F123: 男 | G123: 生产部 | H123: 设备科 | I123: 42948 | J123: =C121/D121 -> 0 | M123: 2025/11/1调入
A125: 48 | B125: A312 | C125: 0 | D125: =COUNTA(E125:E128) -> 0
...

Sheet Sheet3
A1: 部门 | B1: 性别 | C1: 考勤班次 | E1: 班组 | G1: 岗位
C2: 默认 | E2: 默认 | G2: A班包装工
A3: 人资行政部 | B3: 男 | E3: C班 | G3: B班包装工
A4: 生产部 | B4: 女 | E4: F班 | G4: 厨师
A5: 采购部 | E5: A班 | G5: 证券事务代表
A6: 董秘办 | E6: E班 | G6: 主厨
A7: 审计部 | E7: B班 | G7: 保安
A8: 销售部 | E8: D班 | G8: 采购员
A9: 研发部 | E9: J班 | G9: 厨工
E10: K班 | G10: 财务经理
E11: H班 | G11: 总监
G12: 后勤杂工
G13: 行政文员
G14: 采购专员
G15: 后勤助理
G16: 中转仓司机
G17: 司机
G18: 薪酬绩效主管
G19: 总经理
G20: 采购主管
G22: 总账会计
G23: 人事文员
G24: 安全专员
... G141: 研发副主管

Sheet BAK
A1: 员工姓名 | B1: 员工编号 | C1: 主任岗岗位 | D1: 主任岗开始日期 | E1: 移动电话 | F1: 来源于s-HR | G1: HR员工 | H1: 费用归属 | I1: 开户银行 | J1: 银行账号 | K1: 账户名称
A2: 陈晓梅 | B2: 陈晓梅 | C2: 行政人员 | D2: 2022-01-01 | E2: 15815662220 | F2: 否 | G2: 否
A3: 黎思华 | B3: 黎思华 | C3: 业务员 | D3: 2022-01-01 | E3: 13211185890 | F3: 否 | G3: 否
A4: 马俊杰 | B4: 马俊杰 | C4: 行政人员 | D4: 2022-01-01 | E4: 13794038119 | F4: 否 | G4: 否
A5: 潘英彩 | B5: 潘英彩 | C5: 销售员 | D5: 2024-04-18 | E5: 13420643955 | F5: 否 | G5: 否
A6: 审计 | B6: 审计 | E6: 13536600218 | F6: 否 | G6: 否
A7: 夏结仪 | B7: 夏结仪 | C7: 业务员 | D7: 2022-01-01 | E7: 15899575247 | F7: 否 | G7: 否
A8: 杨宗铭 | B8: 杨宗铭 | C8: 业务员 | D8: 2022-04-21 | E8: 13425680418 | F8: 否 | G8: 否
A9: 员工 | B9: 员工 | C9: 业务员 | D9: 2022-11-01 | F9: 否 | G9: 否
A10: 张芳 | B10: 张芳 | C10: 业务员 | D10: 2022-04-21 | E10: 13695298197 | F10: 否 | G10: 否
A11: 郑飞飞 | B11: 郑飞飞 | C11: 采购专员 | D11: 2023-06-15 | E11: 13415781685 | F11: 否 | G11: 否
A12: 1s-HRDEL250515161349 | B12: 1s-HRDEL250515161349 | C12: 董事会秘书 | D12: 2025-05-15 | F12: 是 | G12: 否 | H12: 1
A13: 班玩兰 | B13: JG003049 | C13: C班包装工 | D13: 2026-03-07 | F13: 是 | G13: 否 | H13: 生产部-直接人工
A14: 毕丽平 | B14: JG001731 | C14: K班普工 | D14: 2024-04-24 | E14: 13138526867 | F14: 是 | G14: 否 | H14: 生产部-直接人工
A15: 蔡金星 | B15: JG003233 | C15: 厨师 | D15: 2026-06-25 | F15: 是 | G15: 否 | H15: 管理费用-福利费
A16: 蔡玲燕 | B16: JG000208 | C16: 技术文员 | D16: 2024-11-01 | E16: 15363083356 | F16: 是 | G16: 否 | H16: 研发费用
A17: 蔡文妹 | B17: JG002761 | C17: 仓管员 | D17: 2025-06-20 | E17: 15813644472 | F17: 是 | G17: 否 | H17: 生产部-直接人工
A18: 蔡伊萍 | B18: JG002666 | C18: F班包装工 | D18: 2025-04-11 | E18: 18718984298 | F18: 是 | G18: 否 | H18: 生产部-直接人工
A19: 蔡源琪 | B19: JG002615 | C19: 证券事务代表 | D19: 2025-03-24 | E19: 18824625725 | F19: 是 | G19: 否 | H19: 管理费用
A20: 蔡子健 | B20: JG001834 | C20: 研发工程师 | D20: 2024-06-26 | F20: 是 | G20: 否 | H20: 研发费用
A21: 曹石林 | B21: JG002872 | C21: 机修 | D21: 2025-09-22 | F21: 是 | G21: 否 | H21: 生产部-辅助人工
A22: 岑建英 | B22: JG000783 | C22: C班包装工 | D22: 2022-03-04 | E22: 15177682292 | F22: 是 | G22: 否 | H22: 生产部-直接人工
A23: 岑美珠 | B23: JG001820 | C23: 检测工程师 | D23: 2024-06-18 | E23: 13425284468 | F23: 是 | G23: 否 | H23: 研发费用
A24: 岑盛大 | B24: JG000170 | C24: 主厨 | D24: 2020-05-18 | E24: 13202645700 | F24: 是 | G24: 否 | H24: 管理费用-福利费
A25: 曾炳棣 | B25: JG001636 | C25: 仓管员 | D25: 2023-11-06 | E25: 13570533360 | F25: 是 | G25: 否 | H25: 生产部-辅助人工
A26: 曾红全 | B26: JG000066 | C26: 保安 | D26: 2016-04-23 | E26: 18823097450 | F26: 是 | G26: 否 | H26: 管理费用
A27: 曾健楚 | B27: JG001355 | C27: 业务员 | D27: 2023-02-01 | E27: 13247548834 | F27: 是 | G27: 否 | H27: 销售费用
A28: 曾锦文 | B28: VK000001 | C28: 业务员 | D28: 2012-11-01 | E28: 13528960343 | F28: 是 | G28: 否 | H28: 销售费用
A29: 曾晋 | B29: JG002127 | C29: 质检技术员 | D29: 2024-10-23 | E29: 15790683551 | F29: 是 | G29: 否 | H29: 生产部-辅助人工
A30: 曾令雄 | B30: JG002774 | C30: 高级研发工程师 | D30: 2025-07-03 | E30: 13617342061 | F30: 是 | G30: 否 | H30: 研发费用
A31: 曾伟光 | B31: JG000193 | C31: A班生产助班 | D31: 2020-08-12 | E31: 15915207308 | F31: 是 | G31: 否 | H31: 生产部-直接人工
A32: 曾卫东 | B32: JG002829 | C32: B班包装工 | D32: 2025-08-23 | F32: 是 | G32: 否 | H32: 生产部-直接人工
A33: 曾妍 | B33: JG003184 | C33: H班生产作业员 | D33: 2026-05-27 | F33: 是 | G33: 否 | H33: 生产部-直接人工
A34: 曾昭煜 | B34: JG000789 | C34: C班包装工 | D34: 2022-03-06 | E34: 18307848207 | F34: 是 | G34: 否 | H34: 生产部-直接人工
A35: 曾桢 | B35: JG003227 | C35: H班生产作业员 | D35: 2026-06-23 | F35: 是 | G35: 否 | H35: 生产部-直接人工
A36: 曾梓毅 | B36: JG000594 | C36: 采购员 | D36: 2024-09-03 | E36: 13178538194 | F36: 是 | G36: 否 | H36: 管理费用
A37: 陈宝华 | B37: JG001309 | C37: 跟班机修 | D37: 2022-12-15 | E37: 13535996439 | F37: 是 | G37: 否 | H37: 生产部-辅助人工
A38: 陈必福 | B38: JG001925 | C38: B班包装工 | D38: 2024-08-26 | F38: 是 | G38: 否 | H38: 生产部-直接人工
A39: 陈朝义 | B39: JG001385 | C39: 叉车司机 | D39: 2023-02-06 | E39: 13925424116 | F39: 是 | G39: 否 | H39: 生产部-辅助人工
A40: 陈成 | B40: JG003164 | C40: C班包装工 | D40: 2026-05-12 | F40: 是 | G40: 否 | H40: 生产部-直接人工
A41: 陈德华 | B41: JG000379 | E41: 13189698515 | F41: 是 | G41: 否 | H41: 生产部-辅助人工
A42: 陈东阳 | B42: JG003015 | C42: F班包装工 | D42: 2026-03-02 | F42: 是 | G42: 否 | H42: 生产部-直接人工
A43: 陈敦明 | B43: JG000130 | C43: B班包装工 | D43: 2019-06-28 | E43: 13078416095 | F43: 是 | G43: 否 | H43: 生产部-直接人工
A44: 陈飞 | B44: JG002914 | C44: B班包装工 | D44: 2025-10-21 | F44: 是 | G44: 否 | H44: 生产部-直接人工
A45: 陈冠航 | B45: JG002710 | C45: D班包装工 | D45: 2025-05-06 | E45: 19876366259 | F45: 是 | G45: 否 | H45: 生产部-直接人工
A46: 陈国强 | B46: JG003129 | C46: A班包装工 | D46: 2026-04-25 | F46: 是 | G46: 否 | H46: 生产部-直接人工
A47: 陈和杰 | B47: JG002329 | C47: E班包装工 | D47: 2025-02-15 | E47: 18176781867 | F47: 是 | G47: 否 | H47: 生产部-直接人工
A48: 陈和俊 | B48: JG003045 | C48: E班包装工 | D48: 2026-03-06 | F48: 是 | G48: 否 | H48: 生产部-直接人工
A49: 陈泓源 | B49: JG001480 | C49: 业务员 | D49: 2023-02-27 | E49: 15012970563 | F49: 是 | G49: 否 | H49: 销售费用
A50: 陈洪盛 | B50: JG002814 | C50: A班包装工 | D50: 2025-08-13 | F50: 是 | G50: 否 | H50: 生产部-直接人工
A51: 陈欢 | B51: JG000360 | C51: 研发工程师 | D51: 2021-08-25 | E51: 13145715869 | F51: 是 | G51: 否 | H51: 研发费用
A52: 陈家朗 | B52: JG001235 | C52: QC | D52: 2026-05-01 | E52: 13106674513 | F52: 是 | G52: 否 | H52: 生产部-辅助人工
A53: 陈建成 | B53: JG000053 | C53: 保安 | D53: 2015-06-27 | E53: 13726660756 | F53: 是 | G53: 否 | H53: 管理费用
A54: 陈健 | B54: JG002767 | C54: IQC | D54: 2026-05-01 | E54: 18319634552 | F54: 是 | G54: 否 | H54: 生产部-辅助人工
A55: 陈金发 | B55: JG000245 | C55: E班生产班长 | D55: 2021-04-14 | E55: 13590602928 | F55: 是 | G55: 否 | H55: 生产部-直接人工
A56: 陈开盛 | B56: JG002763 | C56: 机修 | D56: 2025-06-23 | E56: 13087984287 | F56: 是 | G56: 否 | H56: 生产部-辅助人工
A57: 陈凯玲 | B57: JG000160 | C57: 研发工程师 | D57: 2020-03-23 | E57: 13392280103 | F57: 是 | G57: 否 | H57: 研发费用
A58: 陈礼强 | B58: JG000024 | C58: 业务员 | D58: 2015-01-01 | E58: 13078126689 | F58: 是 | G58: 否 | H58: 销售费用
A59: 陈利国 | B59: JG001763 | C59: 销售主管 | D59: 2024-05-13 | E59: 18664278785 | F59: 是 | G59: 否 | H59: 销售费用
A60: 陈利云 | B60: JG002185 | C60: 仓管员 | D60: 2025-02-07 | E60: 15917015139 | F60: 是 | G60: 否 | H60: 生产部-辅助人工
A61: 陈琳 | B61: JG001761 | C61: 研发助理 | D61: 2024-05-13 | E61: 17769486676 | F61: 是 | G61: 否 | H61: 研发费用
A62: 陈六妹 | B62: JG000013 | C62: 研发项目副主管 | D62: 2015-01-01 | E62: 13790931006 | F62: 是 | G62: 否 | H62: 研发费用
... A71: 陈土春 | B71: JG000274 | C71: 科长 | D71: 2021-07-02 | E71: 18826238995 | F71: 是 | G71: 否 | H71: 研发费用
A72: 陈王彬 | B72: JG003048 | C72: A班下料员 | D72: 2026-05-01 | F72: 是 | G72: 否 | H72: 生产部-直接人工
A73: 陈望海 | B73: JG000059 | C73: 保安 | D73: 2016-01-13 | E73: 13415570501 | F73: 是 | G73: 否 | H73: 管理费用
A74: 陈伟朝 | B74: JG000061 | C74: B班包装工 | D74: 2016-02-26 | E74: 13143165351 | F74: 是 | G74: 否 | H74: 生产部-直接人工
A75: 陈伟达 | B75: JG002724 | C75: B班包装工 | D75: 2025-05-13 | E75: 13076665654 | F75: 是 | G75: 否 | H75: 生产部-直接人工
A76: 陈文定 | B76: JG002868 | C76: K班普工 | D76: 2025-10-01 | F76: 是 | G76: 否 | H76: 生产部-直接人工
A77: 陈先芬 | B77: JG002985 | C77: 高级项目工程师 | D77: 2025-12-08 | F77: 是 | G77: 否 | H77: 研发费用
A78: 陈香桃 | B78: JG002765 | C78: 仓管员 | D78: 2025-06-25 | E78: 18169437098 | F78: 是 | G78: 否 | H78: 生产部-辅助人工
A79: 陈翔宇 | B79: JG002674 | E79: 13060787417 | F79: 是 | G79: 否 | H79: 生产部-辅助人工
A80: 陈逍瑞 | B80: JG003239 | C80: 高级项目工程师 | D80: 2026-06-29 | F80: 是 | G80: 否 | H80: 研发费用
A81: 陈新亮 | B81: JG001093 | C81: A班下料员 | D81: 2022-09-16 | E81: 15394290663 | F81: 是 | G81: 否 | H81: 生产部-直接人工
A82: 陈新强 | B82: JG001846 | C82: D班下料工 | D82: 2025-04-01 | F82: 是 | G82: 否 | H82: 生产部-直接人工
A83: 陈新强① | B83: JG002796 | C83: 机修 | D83: 2025-07-18 | E83: 15916088282 | F83: 是 | G83: 否 | H83: 生产部-辅助人工
A84: 陈鑫 | B84: JG003202 | C84: C班包装工 | D84: 2026-06-10 | F84: 是 | G84: 否 | H84: 生产部-直接人工
A85: 陈秀金 | B85: JG001384 | C85: C班包装工 | D85: 2023-02-03 | E85: 13760061102 | F85: 是 | G85: 否 | H85: 生产部-直接人工
A86: 陈亚菲 | B86: JG001612 | C86: 研发工程师 | D86: 2023-10-09 | E86: 17860770665 | F86: 是 | G86: 否 | H86: 研发费用
A87: 陈业树 | B87: JG000097 | C87: 科长 | D87: 2026-05-01 | E87: 18344273282 | F87: 是 | G87: 否 | H87: 生产部-辅助人工（制造三科）
A88: 陈宇进 | B88: JG003222 | C88: B班包装工 | D88: 2026-06-22 | F88: 是 | G88: 否 | H88: 生产部-直接人工
A89: 陈远峰 | B89: JG000462 | C89: 机修副班长 | D89: 2021-11-01 | E89: 15627673222 | F89: 是 | G89: 否 | H89: 生产部-辅助人工
A90: 陈远琴 | B90: JG002801 | C90: A班包装工 | D90: 2025-07-22 | E90: 18933654976 | F90: 是 | G90: 否 | H90: 生产部-直接人工
A91: 陈苑平 | B91: JG000072 | C91: 财务经理 | D91: 2016-12-27 | E91: 13536600218 | F91: 是 | G91: 否 | H91: 管理费用
A92: 陈月霞 | B92: JG001518 | C92: B班包装工 | D92: 2023-06-10 | E92: 13539238670 | F92: 是 | G92: 否 | H92: 生产部-直接人工
A93: 陈赞杰 | B93: JG000135 | C93: QC组长 | D93: 2026-05-01 | E93: 13074260227 | F93: 是 | G93: 否 | H93: 生产部-辅助人工
A94: 陈泽光 | B94: JG001487 | C94: 总监 | D94: 2023-03-01 | E94: 13590373105 | F94: 是 | G94: 否 | H94: 管理费用
A95: 陈长辉 | B95: JG002812 | C95: F班包装工 | D95: 2025-08-11 | F95: 是 | G95: 否 | H95: 生产部-直接人工
A96: 陈长任 | B96: JG000320 | C96: C班下料员 | D96: 2021-08-03 | E96: 19197942460 | F96: 是 | G96: 否 | H96: 生产部-直接人工
A97: 陈兆山 | B97: JG002120 | C97: F班包装工 | D97: 2026-03-24 | E97: 13421734805 | F97: 是 | G97: 否 | H97: 生产部-直接人工
A98: 陈镇淼 | B98: JG000164 | C98: 研发工程师 | D98: 2020-04-23 | E98: 18318324868 | F98: 是 | G98: 否 | H98: 研发费用
A99: 陈志强 | B99: JG002091 | C99: F班包装工 | D99: 2024-10-15 | E99: 13824662179 | F99: 是 | G99: 否 | H99: 生产部-直接人工
A100: 陈志远 | B100: JG002795 | C100: A班包装工 | D100: 2025-07-17 | E100: 17585835956 | F100: 是 | G100: 否 | H100: 生产部-直接人工
A101: 陈周红 | B101: JG000125 | C101: 后勤杂工 | D101: 2018-04-17 | E101: 13703065740 | F101: 是 | G101: 否 | H101: 管理费用
A102: 程家健 | B102: JG000615 | C102: A班包装工 | D102: 2022-02-08 | E102: 18665538207 | F102: 是 | G102: 否 | H102: 生产部-直接人工
A103: 程琼 | B103: JG001807 | C103: F班包装工 | D103: 2024-06-07 | E103: 19585256718 | F103: 是 | G103: 否 | H103: 生产部-直接人工
A104: 程云峰 | B104: JG000517 | C104: A班包装工 | D104: 2022-03-01 | E104: 17374883006 | F104: 是 | G104: 否 | H104: 生产部-直接人工
A105: 程志森 | B105: JG001738 | C105: E班包装工 | D105: 2024-05-02 | E105: 18077480315 | F105: 是 | G105: 否 | H105: 生产部-直接人工
A106: 池燕婷 | B106: JG001538 | C106: 行政文员 | D106: 2023-08-01 | E106: 13612528257 | F106: 是 | G106: 否 | H106: 管理费用
A107: 崔秀珊 | B107: JG002766 | C107: 仓管员 | D107: 2025-06-27 | E107: 13829723451 | F107: 是 | G107: 否 | H107: 生产部-辅助人工
A108: 戴福鹏 | B108: JG000085 | C108: 研发工程师 | D108: 2017-07-01 | E108: 15219723123 | F108: 是 | G108: 否 | H108: 研发费用
...

Sheet Sheet7
A1: 工号 | B1: 住宿员工姓名 | C1: 宿舍房号 | D1: 工号
A2: JG000016 | B2: 郑杰华 | C2: A501 | D2: JG000016
A3: JG000017 | B3: 陈升 | C3: A604 | D3: JG000017
A4: JG000020 | B4: 甘作敬 | C4: A307 | D4: JG000020
A5: JG000021 | B5: 罗贤添 | C5: A307 | D5: JG000021
A6: JG000029 | B6: 吴波 | C6: A616 | D6: JG000029
A7: JG000033 | B7: 全亮明 | C7: A114 | D7: JG000033
A8: JG000034 | B8: 宋秀玲 | C8: B202 | D8: JG000034
A9: JG000040 | B9: 林青山 | C9: A117 | D9: JG000040
A10: JG000042 | B10: 黄木养 | C10: A304 | D10: JG000042
A11: JG000045 | B11: 梁任湘 | C11: A501 | D11: JG000045
A12: JG000046 | B12: 李永超 | C12: B501 | D12: JG000046
... A348: JG910018 | B348: 杨文慧 | C348: A217 | D348: JG910018
